PDB id,inter-chain,mutation,exp-ddg
1YCR,A_B,A:E25K,0.1
1YCR,A_B,A:H73A,0.72
1YCR,A_B,A:H73G,1.08
1YCR,A_B,A:K51A,0.65
1YCR,A_B,A:K51E,1.19
1YCR,A_B,A:K94E,2.1
1YCR,A_B,A:L54W,1.41
1YCR,A_B,A:M50A,2.1
1YCR,A_B,A:M50G,2.1
1YCR,A_B,A:M62A,-0.14
1YCR,A_B,A:Q72A,0.46
1YCR,A_B,A:Q72F,0.98
1YCR,A_B,A:T26A,-0.01
1YCR,A_B,A:T26N,0.25
1YCR,A_B,A:V93A,0.25
1YCR,A_B,A:Y100F,-0.19
1YCR,A_B,B:E17A,1.27
1YCR,A_B,B:E17D,0.47
1YCR,A_B,B:E17K,1.69
1YCR,A_B,B:E28A,0.9
1YCR,A_B,B:E28K,2.08
1YCR,A_B,B:F19A,2.73
1YCR,A_B,B:K24A,0
1YCR,A_B,B:K24E,0.17
1YCR,A_B,B:K24N,-0.3
1YCR,A_B,B:K24T,1.13
1YCR,A_B,B:N29A,0.9
1YCR,A_B,B:N29T,-0.07
1YCR,A_B,B:P27S,-0.38
1YCR,A_B,B:S20A,0.16
1YCR,A_B,B:T18A,1.36
1YCR,A_B,B:W23A,2.73
1YCR,A_B,B:W23G,2.73
