protein,inter-chain,mutation,ddg
7kmb,G_F,F:S19A,0.060672613
7kmb,G_F,F:S19C,-1.169052119
7kmb,G_F,F:S19D,-1.353322083
7kmb,G_F,F:S19E,-1.436495922
7kmb,G_F,F:S19F,1.132165931
7kmb,G_F,F:S19G,-1.359747113
7kmb,G_F,F:S19H,-0.149969837
7kmb,G_F,F:S19I,0.771411093
7kmb,G_F,F:S19K,-0.592496327
7kmb,G_F,F:S19L,-0.494504888
7kmb,G_F,F:S19M,-0.548024831
7kmb,G_F,F:S19N,-0.388529563
7kmb,G_F,F:S19P,2.327818365
7kmb,G_F,F:S19Q,-1.455633413
7kmb,G_F,F:S19R,-0.515464051
7kmb,G_F,F:S19T,0.719980647
7kmb,G_F,F:S19V,1.088757967
7kmb,G_F,F:S19W,1.069376163
7kmb,G_F,F:S19Y,1.049411373
7kmb,G_F,F:E23A,-0.040874898
7kmb,G_F,F:E23C,0.872385261
7kmb,G_F,F:E23D,0.300275173
7kmb,G_F,F:E23F,1.866146538
7kmb,G_F,F:E23G,0.595429103
7kmb,G_F,F:E23H,0.225510483
7kmb,G_F,F:E23I,-0.500139094
7kmb,G_F,F:E23K,0.647777027
7kmb,G_F,F:E23L,0.248271868
7kmb,G_F,F:E23M,0.848188898
7kmb,G_F,F:E23N,0.700091755
7kmb,G_F,F:E23P,-0.40666475
7kmb,G_F,F:E23Q,0.903554081
7kmb,G_F,F:E23R,0.235217823
7kmb,G_F,F:E23S,0.488574367
7kmb,G_F,F:E23T,0.857332908
7kmb,G_F,F:E23V,0.044201469
7kmb,G_F,F:E23W,0.280470265
7kmb,G_F,F:E23Y,-0.143240823
7kmb,G_F,F:Q24A,-1.844535427
7kmb,G_F,F:Q24C,-1.755290647
7kmb,G_F,F:Q24D,-2.339595423
7kmb,G_F,F:Q24E,-0.891653952
7kmb,G_F,F:Q24F,-2.371839701
7kmb,G_F,F:Q24G,-1.775548973
7kmb,G_F,F:Q24H,-1.263367
7kmb,G_F,F:Q24I,-2.185156559
7kmb,G_F,F:Q24K,-1.590010053
7kmb,G_F,F:Q24L,-1.308850957
7kmb,G_F,F:Q24M,-1.200372253
7kmb,G_F,F:Q24N,-2.326883838
7kmb,G_F,F:Q24P,-0.152124509
7kmb,G_F,F:Q24R,-1.577833252
7kmb,G_F,F:Q24S,-1.819430118
7kmb,G_F,F:Q24T,1.573178331
7kmb,G_F,F:Q24V,-1.88008007
7kmb,G_F,F:Q24W,-1.130529961
7kmb,G_F,F:Q24Y,-3.380771932
7kmb,G_F,F:T27A,2.113424949
7kmb,G_F,F:T27C,2.416058053
7kmb,G_F,F:T27D,2.102280113
7kmb,G_F,F:T27E,-2.136211917
7kmb,G_F,F:T27F,2.29411711
7kmb,G_F,F:T27G,-2.05994115
7kmb,G_F,F:T27H,2.337142078
7kmb,G_F,F:T27I,-0.272447974
7kmb,G_F,F:T27K,1.65168607
7kmb,G_F,F:T27L,2.845073871
7kmb,G_F,F:T27M,2.554520658
7kmb,G_F,F:T27N,-0.17308296
7kmb,G_F,F:T27P,0.508105723
7kmb,G_F,F:T27Q,-0.752446705
7kmb,G_F,F:T27R,0.253123244
7kmb,G_F,F:T27S,0.765747546
7kmb,G_F,F:T27V,-1.118025671
7kmb,G_F,F:T27W,2.105297033
7kmb,G_F,F:T27Y,2.696162285
7kmb,G_F,F:F28A,-1.816917049
7kmb,G_F,F:F28C,-1.934251937
7kmb,G_F,F:F28D,-1.84083786
7kmb,G_F,F:F28E,-3.287141514
7kmb,G_F,F:F28G,-2.459403583
7kmb,G_F,F:F28H,-2.572818402
7kmb,G_F,F:F28I,-1.607994425
7kmb,G_F,F:F28K,-3.337257454
7kmb,G_F,F:F28L,-1.532870438
7kmb,G_F,F:F28M,-1.348871458
7kmb,G_F,F:F28N,-2.42854914
7kmb,G_F,F:F28P,-1.523697889
7kmb,G_F,F:F28Q,-2.362805991
7kmb,G_F,F:F28R,-1.993980002
7kmb,G_F,F:F28S,-1.645622365
7kmb,G_F,F:F28T,-1.778153217
7kmb,G_F,F:F28V,-2.052514658
7kmb,G_F,F:F28W,-0.994465843
7kmb,G_F,F:F28Y,0.804816895
7kmb,G_F,F:D30A,-1.586577896
7kmb,G_F,F:D30C,-1.997413103
7kmb,G_F,F:D30E,2.288573177
7kmb,G_F,F:D30F,-3.066712574
7kmb,G_F,F:D30G,-1.742235726
7kmb,G_F,F:D30H,-2.055747938
7kmb,G_F,F:D30I,1.619862939
7kmb,G_F,F:D30K,-1.759839288
7kmb,G_F,F:D30L,-1.075116549
7kmb,G_F,F:D30M,-0.582727127
7kmb,G_F,F:D30N,-1.433941738
7kmb,G_F,F:D30P,-1.917074257
7kmb,G_F,F:D30Q,-1.24384262
7kmb,G_F,F:D30R,-1.675786507
7kmb,G_F,F:D30S,-1.802289887
7kmb,G_F,F:D30T,0.537892783
7kmb,G_F,F:D30V,1.23776118
7kmb,G_F,F:D30W,-1.98561713
7kmb,G_F,F:D30Y,-1.474148213
7kmb,G_F,F:K31A,-1.937880013
7kmb,G_F,F:K31C,-1.758986585
7kmb,G_F,F:K31D,-2.241065898
7kmb,G_F,F:K31E,-1.502875505
7kmb,G_F,F:K31F,0.747993115
7kmb,G_F,F:K31G,-2.021889331
7kmb,G_F,F:K31H,-0.745466825
7kmb,G_F,F:K31I,-1.629452802
7kmb,G_F,F:K31L,-0.627436405
7kmb,G_F,F:K31M,-0.433588706
7kmb,G_F,F:K31N,-1.728456232
7kmb,G_F,F:K31P,-2.726431526
7kmb,G_F,F:K31Q,-1.621944548
7kmb,G_F,F:K31R,-1.609477184
7kmb,G_F,F:K31S,-2.060330982
7kmb,G_F,F:K31T,-2.304503671
7kmb,G_F,F:K31V,-1.871376654
7kmb,G_F,F:K31W,2.556795843
7kmb,G_F,F:K31Y,1.85233235
7kmb,G_F,F:H34A,3.169590798
7kmb,G_F,F:H34C,-1.296803399
7kmb,G_F,F:H34D,-2.026294244
7kmb,G_F,F:H34E,-1.172096787
7kmb,G_F,F:H34F,-2.427125184
7kmb,G_F,F:H34G,-0.792030802
7kmb,G_F,F:H34I,-1.486106144
7kmb,G_F,F:H34K,-1.864244697
7kmb,G_F,F:H34L,-1.519981579
7kmb,G_F,F:H34M,-0.678922072
7kmb,G_F,F:H34N,-1.042364084
7kmb,G_F,F:H34P,2.657773535
7kmb,G_F,F:H34Q,-1.603084113
7kmb,G_F,F:H34R,-1.076031319
7kmb,G_F,F:H34S,1.690542483
7kmb,G_F,F:H34T,-0.268389879
7kmb,G_F,F:H34V,2.873163045
7kmb,G_F,F:H34W,-0.327134622
7kmb,G_F,F:H34Y,-1.515592051
7kmb,G_F,F:E35A,0.587057077
7kmb,G_F,F:E35C,1.792121148
7kmb,G_F,F:E35D,1.413920565
7kmb,G_F,F:E35F,-1.773412403
7kmb,G_F,F:E35G,-0.103295483
7kmb,G_F,F:E35H,-0.999620099
7kmb,G_F,F:E35I,-0.703146424
7kmb,G_F,F:E35K,-1.199253155
7kmb,G_F,F:E35L,-0.483273792
7kmb,G_F,F:E35M,1.038520491
7kmb,G_F,F:E35N,-0.605978192
7kmb,G_F,F:E35P,-1.952483012
7kmb,G_F,F:E35Q,0.319742732
7kmb,G_F,F:E35R,-1.579162411
7kmb,G_F,F:E35S,-2.252393548
7kmb,G_F,F:E35T,-2.244417246
7kmb,G_F,F:E35V,1.743809459
7kmb,G_F,F:E35W,-0.965045322
7kmb,G_F,F:E35Y,-1.737133369
7kmb,G_F,F:E37A,-1.245710537
7kmb,G_F,F:E37C,-2.861086424
7kmb,G_F,F:E37D,-1.679090654
7kmb,G_F,F:E37F,-2.575986257
7kmb,G_F,F:E37G,-1.640329633
7kmb,G_F,F:E37H,-2.073115248
7kmb,G_F,F:E37I,-2.750385626
7kmb,G_F,F:E37K,-1.349986562
7kmb,G_F,F:E37L,-1.119730336
7kmb,G_F,F:E37M,-1.185256852
7kmb,G_F,F:E37N,-2.046584079
7kmb,G_F,F:E37P,-0.948705923
7kmb,G_F,F:E37Q,-1.040191719
7kmb,G_F,F:E37R,-1.950860902
7kmb,G_F,F:E37S,-1.8526704
7kmb,G_F,F:E37T,-1.135918345
7kmb,G_F,F:E37V,-1.497093032
7kmb,G_F,F:E37W,-1.77846276
7kmb,G_F,F:E37Y,-2.07932066
7kmb,G_F,F:D38A,-1.966357321
7kmb,G_F,F:D38C,-2.350536889
7kmb,G_F,F:D38E,-0.960791293
7kmb,G_F,F:D38F,-2.202993724
7kmb,G_F,F:D38G,-1.539454912
7kmb,G_F,F:D38H,-1.982170725
7kmb,G_F,F:D38I,-2.093586502
7kmb,G_F,F:D38K,-2.053145861
7kmb,G_F,F:D38L,-1.928483217
7kmb,G_F,F:D38M,-1.549916388
7kmb,G_F,F:D38N,-1.245188009
7kmb,G_F,F:D38P,-2.473839903
7kmb,G_F,F:D38Q,-1.584782648
7kmb,G_F,F:D38R,-2.367515973
7kmb,G_F,F:D38S,-2.045930157
7kmb,G_F,F:D38T,-1.836332844
7kmb,G_F,F:D38V,-1.963734719
7kmb,G_F,F:D38W,-2.409716816
7kmb,G_F,F:D38Y,-2.527085007
7kmb,G_F,F:Y41A,-1.778272114
7kmb,G_F,F:Y41C,-1.656995683
7kmb,G_F,F:Y41D,-2.151274403
7kmb,G_F,F:Y41E,-2.141420994
7kmb,G_F,F:Y41F,-2.186431074
7kmb,G_F,F:Y41G,-2.172099066
7kmb,G_F,F:Y41H,-1.199421801
7kmb,G_F,F:Y41I,-3.516975495
7kmb,G_F,F:Y41K,-2.49179144
7kmb,G_F,F:Y41L,-1.263060578
7kmb,G_F,F:Y41M,-1.754635553
7kmb,G_F,F:Y41N,-1.751902378
7kmb,G_F,F:Y41P,-2.387948596
7kmb,G_F,F:Y41Q,-1.13490304
7kmb,G_F,F:Y41R,1.680029786
7kmb,G_F,F:Y41S,-1.62671786
7kmb,G_F,F:Y41T,-1.827689004
7kmb,G_F,F:Y41V,-1.85766368
7kmb,G_F,F:Y41W,-2.238339336
7kmb,G_F,F:Q42A,-1.532154822
7kmb,G_F,F:Q42C,2.854285246
7kmb,G_F,F:Q42D,-2.165725811
7kmb,G_F,F:Q42E,-1.544639712
7kmb,G_F,F:Q42F,-1.707785902
7kmb,G_F,F:Q42G,-0.659698946
7kmb,G_F,F:Q42H,1.396359235
7kmb,G_F,F:Q42I,1.710103805
7kmb,G_F,F:Q42K,1.729243722
7kmb,G_F,F:Q42L,2.742127321
7kmb,G_F,F:Q42M,2.479722424
7kmb,G_F,F:Q42N,-1.437747661
7kmb,G_F,F:Q42P,-1.962861081
7kmb,G_F,F:Q42R,0.836305038
7kmb,G_F,F:Q42S,-1.105829747
7kmb,G_F,F:Q42T,0.394244544
7kmb,G_F,F:Q42V,1.91628483
7kmb,G_F,F:Q42W,-2.436008107
7kmb,G_F,F:Q42Y,-2.177500056
7kmb,G_F,F:L45A,-2.074592754
7kmb,G_F,F:L45C,-2.236576644
7kmb,G_F,F:L45D,-1.648904551
7kmb,G_F,F:L45E,-2.334910925
7kmb,G_F,F:L45F,-0.605911488
7kmb,G_F,F:L45G,-2.476797686
7kmb,G_F,F:L45H,-1.294714794
7kmb,G_F,F:L45I,0.204580045
7kmb,G_F,F:L45K,-2.143959939
7kmb,G_F,F:L45M,-0.11279614
7kmb,G_F,F:L45N,-1.772580139
7kmb,G_F,F:L45P,-1.480500583
7kmb,G_F,F:L45Q,-1.973918431
7kmb,G_F,F:L45R,-2.105413353
7kmb,G_F,F:L45S,-1.668263401
7kmb,G_F,F:L45T,-0.653661582
7kmb,G_F,F:L45V,-1.441386161
7kmb,G_F,F:L45W,-2.153717527
7kmb,G_F,F:L45Y,-1.329596052
7kmb,G_F,F:M82A,-1.507467862
7kmb,G_F,F:M82C,1.973161076
7kmb,G_F,F:M82D,-1.035775379
7kmb,G_F,F:M82E,-1.858689192
7kmb,G_F,F:M82F,0.127218952
7kmb,G_F,F:M82G,1.113801181
7kmb,G_F,F:M82H,0.197458399
7kmb,G_F,F:M82I,-0.428501783
7kmb,G_F,F:M82K,-0.329522676
7kmb,G_F,F:M82L,0.267389528
7kmb,G_F,F:M82N,0.028581525
7kmb,G_F,F:M82P,-1.39213594
7kmb,G_F,F:M82Q,-1.545868499
7kmb,G_F,F:M82R,1.087938468
7kmb,G_F,F:M82S,-0.88870544
7kmb,G_F,F:M82T,-1.465336652
7kmb,G_F,F:M82V,-1.510288911
7kmb,G_F,F:M82W,-0.477906535
7kmb,G_F,F:M82Y,-0.154316249
7kmb,G_F,F:Y83A,-0.372640699
7kmb,G_F,F:Y83C,0.406019733
7kmb,G_F,F:Y83D,-1.933998872
7kmb,G_F,F:Y83E,-2.565947112
7kmb,G_F,F:Y83F,-0.855281671
7kmb,G_F,F:Y83G,-1.940353072
7kmb,G_F,F:Y83H,-0.667134906
7kmb,G_F,F:Y83I,-0.480199491
7kmb,G_F,F:Y83K,-1.939157577
7kmb,G_F,F:Y83L,0.445559452
7kmb,G_F,F:Y83M,-0.60028472
7kmb,G_F,F:Y83N,-1.813963982
7kmb,G_F,F:Y83P,-1.98812703
7kmb,G_F,F:Y83Q,-2.34837658
7kmb,G_F,F:Y83R,-1.695824297
7kmb,G_F,F:Y83S,-1.268947829
7kmb,G_F,F:Y83T,-2.137980164
7kmb,G_F,F:Y83V,0.741663253
7kmb,G_F,F:Y83W,-0.648034981
7kmb,G_F,F:N330A,-0.830738057
7kmb,G_F,F:N330C,-1.860247761
7kmb,G_F,F:N330D,-0.993854894
7kmb,G_F,F:N330E,-0.80169427
7kmb,G_F,F:N330F,2.926671162
7kmb,G_F,F:N330G,-1.555369911
7kmb,G_F,F:N330H,2.641169139
7kmb,G_F,F:N330I,-0.959111102
7kmb,G_F,F:N330K,-1.061681501
7kmb,G_F,F:N330L,2.183314826
7kmb,G_F,F:N330M,-0.377442285
7kmb,G_F,F:N330P,-1.376162283
7kmb,G_F,F:N330Q,1.266753226
7kmb,G_F,F:N330R,-1.588946113
7kmb,G_F,F:N330S,-0.838912184
7kmb,G_F,F:N330T,-0.342242261
7kmb,G_F,F:N330V,-0.688040941
7kmb,G_F,F:N330W,2.951594156
7kmb,G_F,F:N330Y,3.080389554
7kmb,G_F,F:K353A,-2.657472026
7kmb,G_F,F:K353C,-2.149018198
7kmb,G_F,F:K353D,-2.441935308
7kmb,G_F,F:K353E,-1.28952008
7kmb,G_F,F:K353F,-1.706207599
7kmb,G_F,F:K353G,-2.517784201
7kmb,G_F,F:K353H,-2.567836163
7kmb,G_F,F:K353I,-2.201336829
7kmb,G_F,F:K353L,-1.984680839
7kmb,G_F,F:K353M,-1.527595771
7kmb,G_F,F:K353N,-1.57445751
7kmb,G_F,F:K353P,-1.85879448
7kmb,G_F,F:K353Q,-1.498379464
7kmb,G_F,F:K353R,-1.442100636
7kmb,G_F,F:K353S,-2.526863931
7kmb,G_F,F:K353T,-1.697881855
7kmb,G_F,F:K353V,-2.524225477
7kmb,G_F,F:K353W,-2.718354567
7kmb,G_F,F:K353Y,-1.664416324
7kmb,G_F,F:G354A,-1.775367286
7kmb,G_F,F:G354C,-1.748814988
7kmb,G_F,F:G354D,-1.383743172
7kmb,G_F,F:G354E,-1.903916
7kmb,G_F,F:G354F,-2.02116895
7kmb,G_F,F:G354H,-0.931026308
7kmb,G_F,F:G354I,-2.498149878
7kmb,G_F,F:G354K,-3.241201791
7kmb,G_F,F:G354L,-1.930898332
7kmb,G_F,F:G354M,-1.741207653
7kmb,G_F,F:G354N,-2.130611361
7kmb,G_F,F:G354P,-1.793484829
7kmb,G_F,F:G354Q,-2.501825187
7kmb,G_F,F:G354R,-2.241238713
7kmb,G_F,F:G354S,-1.744925235
7kmb,G_F,F:G354T,-2.076508254
7kmb,G_F,F:G354V,-1.782802207
7kmb,G_F,F:G354W,-1.721012355
7kmb,G_F,F:G354Y,-1.745074627
7kmb,G_F,F:D355A,-2.037624373
7kmb,G_F,F:D355C,-2.158469339
7kmb,G_F,F:D355E,-1.663271734
7kmb,G_F,F:D355F,-2.162515261
7kmb,G_F,F:D355G,-2.173100031
7kmb,G_F,F:D355H,-2.485223379
7kmb,G_F,F:D355I,-2.554183134
7kmb,G_F,F:D355K,-3.014939596
7kmb,G_F,F:D355L,-2.101042349
7kmb,G_F,F:D355M,-2.120747029
7kmb,G_F,F:D355N,-0.911052386
7kmb,G_F,F:D355P,-2.44321164
7kmb,G_F,F:D355Q,-2.159841102
7kmb,G_F,F:D355R,-2.270953922
7kmb,G_F,F:D355S,-2.24858047
7kmb,G_F,F:D355T,-1.609040344
7kmb,G_F,F:D355V,-1.83715273
7kmb,G_F,F:D355W,-2.238152336
7kmb,G_F,F:D355Y,-2.141015062
7kmb,G_F,F:R357A,-2.40884055
7kmb,G_F,F:R357C,-2.173937662
7kmb,G_F,F:R357D,-2.619083188
7kmb,G_F,F:R357E,-2.420381931
7kmb,G_F,F:R357F,-2.402617778
7kmb,G_F,F:R357G,-1.842539423
7kmb,G_F,F:R357H,-1.743957469
7kmb,G_F,F:R357I,-2.47519922
7kmb,G_F,F:R357K,-1.441892139
7kmb,G_F,F:R357L,-2.339251017
7kmb,G_F,F:R357M,-1.10528849
7kmb,G_F,F:R357N,-2.614563715
7kmb,G_F,F:R357P,-2.437999989
7kmb,G_F,F:R357Q,-1.727496101
7kmb,G_F,F:R357S,-1.899915052
7kmb,G_F,F:R357T,-1.364538857
7kmb,G_F,F:R357V,-2.302541339
7kmb,G_F,F:R357W,-1.51090146
7kmb,G_F,F:R357Y,-2.331580217
7kmb,G_F,F:R393A,0.953335812
7kmb,G_F,F:R393C,-0.051966747
7kmb,G_F,F:R393D,-2.290018189
7kmb,G_F,F:R393E,-0.5507715
7kmb,G_F,F:R393F,-1.987839027
7kmb,G_F,F:R393G,-0.265845113
7kmb,G_F,F:R393H,0.241802487
7kmb,G_F,F:R393I,-1.501603384
7kmb,G_F,F:R393K,1.97952458
7kmb,G_F,F:R393L,-0.273165731
7kmb,G_F,F:R393M,0.983834167
7kmb,G_F,F:R393N,-0.784016242
7kmb,G_F,F:R393P,-1.779024427
7kmb,G_F,F:R393Q,0.077918506
7kmb,G_F,F:R393S,-0.211521825
7kmb,G_F,F:R393T,-0.150800873
7kmb,G_F,F:R393V,-1.680874865
7kmb,G_F,F:R393W,-2.312693394
7kmb,G_F,F:R393Y,-1.999840342
